{
    "name": "test",
    "type": "digitPressure",
    "ROI": {
        "x": 104,
        "y": 50,
        "w": 1552,
        "h": 920
    },
    "startPoint": {
        "x": 270,
        "y": 69
    },
    "endPoint": {
        "x": 586,
        "y": 260
    },
    "centerPoint": {
        "x": 591,
        "y": 80
    },
    "startValue": 0,
    "totalValue": 0,
    "digitType": "RCS_ALL",
    "thresh": {
        "block": 31,
        "param": 2
    },
    "ifopen": "close",
    "rgb": false,
    "result": 0.0
}