{
    "name": "test",
    "type": "digitPressure",
    "ROI": {
        "x": 248,
        "y": 176,
        "w": 1502,
        "h": 862
    },
    "startPoint": {
        "x": 72,
        "y": 33
    },
    "endPoint": {
        "x": 244,
        "y": 79
    },
    "centerPoint": {
        "x": 242,
        "y": 16
    },
    "startValue": 0,
    "totalValue": 0,
    "digitType": "TTC",
    "thresh": {
        "block": 31,
        "param": 2
    },
    "ifopen": "close",
    "rgb": false,
    "result": 0.0
}